{"frames":{"image0.png":{"frame":{"x":0,"y":0,"w":266,"h":189},"rotated":false,"trimmed":false,"spriteSourceSize":{"x":0,"y":0,"w":266,"h":189},"sourceSize":{"w":266,"h":189}},"image1.png":{"frame":{"x":266,"y":0,"w":266,"h":189},"rotated":false,"trimmed":false,"spriteSourceSize":{"x":0,"y":0,"w":266,"h":189},"sourceSize":{"w":266,"h":189}},"image2.png":{"frame":{"x":532,"y":0,"w":266,"h":189},"rotated":false,"trimmed":false,"spriteSourceSize":{"x":0,"y":0,"w":266,"h":189},"sourceSize":{"w":266,"h":189}},"image3.png":{"frame":{"x":798,"y":0,"w":266,"h":189},"rotated":false,"trimmed":false,"spriteSourceSize":{"x":0,"y":0,"w":266,"h":189},"sourceSize":{"w":266,"h":189}},"image4.png":{"frame":{"x":1064,"y":0,"w":266,"h":189},"rotated":false,"trimmed":false,"spriteSourceSize":{"x":0,"y":0,"w":266,"h":189},"sourceSize":{"w":266,"h":189}},"image5.png":{"frame":{"x":0,"y":189,"w":266,"h":189},"rotated":false,"trimmed":false,"spriteSourceSize":{"x":0,"y":0,"w":266,"h":189},"sourceSize":{"w":266,"h":189}},"image6.png":{"frame":{"x":266,"y":189,"w":266,"h":189},"rotated":false,"trimmed":false,"spriteSourceSize":{"x":0,"y":0,"w":266,"h":189},"sourceSize":{"w":266,"h":189}},"image7.png":{"frame":{"x":532,"y":189,"w":266,"h":189},"rotated":false,"trimmed":false,"spriteSourceSize":{"x":0,"y":0,"w":266,"h":189},"sourceSize":{"w":266,"h":189}},"image8.png":{"frame":{"x":798,"y":189,"w":266,"h":189},"rotated":false,"trimmed":false,"spriteSourceSize":{"x":0,"y":0,"w":266,"h":189},"sourceSize":{"w":266,"h":189}},"image9.png":{"frame":{"x":1064,"y":189,"w":266,"h":189},"rotated":false,"trimmed":false,"spriteSourceSize":{"x":0,"y":0,"w":266,"h":189},"sourceSize":{"w":266,"h":189}},"image10.png":{"frame":{"x":0,"y":378,"w":266,"h":189},"rotated":false,"trimmed":false,"spriteSourceSize":{"x":0,"y":0,"w":266,"h":189},"sourceSize":{"w":266,"h":189}},"image11.png":{"frame":{"x":266,"y":378,"w":266,"h":189},"rotated":false,"trimmed":false,"spriteSourceSize":{"x":0,"y":0,"w":266,"h":189},"sourceSize":{"w":266,"h":189}},"image12.png":{"frame":{"x":532,"y":378,"w":266,"h":189},"rotated":false,"trimmed":false,"spriteSourceSize":{"x":0,"y":0,"w":266,"h":189},"sourceSize":{"w":266,"h":189}},"image13.png":{"frame":{"x":798,"y":378,"w":266,"h":189},"rotated":false,"trimmed":false,"spriteSourceSize":{"x":0,"y":0,"w":266,"h":189},"sourceSize":{"w":266,"h":189}},"image14.png":{"frame":{"x":1064,"y":378,"w":266,"h":189},"rotated":false,"trimmed":false,"spriteSourceSize":{"x":0,"y":0,"w":266,"h":189},"sourceSize":{"w":266,"h":189}},"image15.png":{"frame":{"x":0,"y":567,"w":266,"h":189},"rotated":false,"trimmed":false,"spriteSourceSize":{"x":0,"y":0,"w":266,"h":189},"sourceSize":{"w":266,"h":189}},"image16.png":{"frame":{"x":266,"y":567,"w":266,"h":189},"rotated":false,"trimmed":false,"spriteSourceSize":{"x":0,"y":0,"w":266,"h":189},"sourceSize":{"w":266,"h":189}},"image17.png":{"frame":{"x":532,"y":567,"w":266,"h":189},"rotated":false,"trimmed":false,"spriteSourceSize":{"x":0,"y":0,"w":266,"h":189},"sourceSize":{"w":266,"h":189}},"image18.png":{"frame":{"x":798,"y":567,"w":266,"h":189},"rotated":false,"trimmed":false,"spriteSourceSize":{"x":0,"y":0,"w":266,"h":189},"sourceSize":{"w":266,"h":189}},"image19.png":{"frame":{"x":1064,"y":567,"w":266,"h":189},"rotated":false,"trimmed":false,"spriteSourceSize":{"x":0,"y":0,"w":266,"h":189},"sourceSize":{"w":266,"h":189}},"image20.png":{"frame":{"x":0,"y":756,"w":266,"h":189},"rotated":false,"trimmed":false,"spriteSourceSize":{"x":0,"y":0,"w":266,"h":189},"sourceSize":{"w":266,"h":189}},"image21.png":{"frame":{"x":266,"y":756,"w":266,"h":189},"rotated":false,"trimmed":false,"spriteSourceSize":{"x":0,"y":0,"w":266,"h":189},"sourceSize":{"w":266,"h":189}},"image22.png":{"frame":{"x":532,"y":756,"w":266,"h":189},"rotated":false,"trimmed":false,"spriteSourceSize":{"x":0,"y":0,"w":266,"h":189},"sourceSize":{"w":266,"h":189}},"image23.png":{"frame":{"x":798,"y":756,"w":266,"h":189},"rotated":false,"trimmed":false,"spriteSourceSize":{"x":0,"y":0,"w":266,"h":189},"sourceSize":{"w":266,"h":189}},"image24.png":{"frame":{"x":1064,"y":756,"w":266,"h":189},"rotated":false,"trimmed":false,"spriteSourceSize":{"x":0,"y":0,"w":266,"h":189},"sourceSize":{"w":266,"h":189}},"image25.png":{"frame":{"x":0,"y":945,"w":266,"h":189},"rotated":false,"trimmed":false,"spriteSourceSize":{"x":0,"y":0,"w":266,"h":189},"sourceSize":{"w":266,"h":189}},"image26.png":{"frame":{"x":266,"y":945,"w":266,"h":189},"rotated":false,"trimmed":false,"spriteSourceSize":{"x":0,"y":0,"w":266,"h":189},"sourceSize":{"w":266,"h":189}},"image27.png":{"frame":{"x":532,"y":945,"w":266,"h":189},"rotated":false,"trimmed":false,"spriteSourceSize":{"x":0,"y":0,"w":266,"h":189},"sourceSize":{"w":266,"h":189}},"image28.png":{"frame":{"x":798,"y":945,"w":266,"h":189},"rotated":false,"trimmed":false,"spriteSourceSize":{"x":0,"y":0,"w":266,"h":189},"sourceSize":{"w":266,"h":189}},"image29.png":{"frame":{"x":1064,"y":945,"w":266,"h":189},"rotated":false,"trimmed":false,"spriteSourceSize":{"x":0,"y":0,"w":266,"h":189},"sourceSize":{"w":266,"h":189}},"image30.png":{"frame":{"x":0,"y":1134,"w":266,"h":189},"rotated":false,"trimmed":false,"spriteSourceSize":{"x":0,"y":0,"w":266,"h":189},"sourceSize":{"w":266,"h":189}},"image31.png":{"frame":{"x":266,"y":1134,"w":266,"h":189},"rotated":false,"trimmed":false,"spriteSourceSize":{"x":0,"y":0,"w":266,"h":189},"sourceSize":{"w":266,"h":189}},"image32.png":{"frame":{"x":532,"y":1134,"w":266,"h":189},"rotated":false,"trimmed":false,"spriteSourceSize":{"x":0,"y":0,"w":266,"h":189},"sourceSize":{"w":266,"h":189}},"image33.png":{"frame":{"x":798,"y":1134,"w":266,"h":189},"rotated":false,"trimmed":false,"spriteSourceSize":{"x":0,"y":0,"w":266,"h":189},"sourceSize":{"w":266,"h":189}},"image34.png":{"frame":{"x":1064,"y":1134,"w":266,"h":189},"rotated":false,"trimmed":false,"spriteSourceSize":{"x":0,"y":0,"w":266,"h":189},"sourceSize":{"w":266,"h":189}},"image35.png":{"frame":{"x":0,"y":1323,"w":266,"h":189},"rotated":false,"trimmed":false,"spriteSourceSize":{"x":0,"y":0,"w":266,"h":189},"sourceSize":{"w":266,"h":189}},"image36.png":{"frame":{"x":266,"y":1323,"w":266,"h":189},"rotated":false,"trimmed":false,"spriteSourceSize":{"x":0,"y":0,"w":266,"h":189},"sourceSize":{"w":266,"h":189}}},"meta":{"app":"https://github.com/piskelapp/piskel/","version":"1.0","image":"image.png","format":"RGBA8888","size":{"w":1330,"h":1512}}}